event_id,chrom,event_start,event_end,event_length_bp,asm_start,asm_end,asm_length,asm_svtype_raw,asm_score,long_ont_start,long_ont_end,long_ont_length,long_ont_info_svtype,long_ont_score,long_ont_supporting_reads,long_ont_supporting_methods,long_ont_coverage_before_100bp,long_ont_coverage_after_100bp,long_pacbio_start,long_pacbio_end,long_pacbio_length,long_pacbio_info_svtype,long_pacbio_score,long_pacbio_supporting_reads,long_pacbio_supporting_methods,long_pacbio_coverage_before_100bp,long_pacbio_coverage_after_100bp,short_start,short_end,short_length,short_svtype_raw,short_info_svtype,short_chr2,short_pos2,short_score,short_supporting_reads,short_reads_copy_number_estimate,short_coverage_before_100bp,short_coverage_after_100bp,percentage_overlap,support_score,linked_event
RPL_1,chr,410,529463,529053,410.0,529463.0,529053.0,<SYNAL>,1,,,,,,,,,,,,,,,,,,,,,,,,,,,,,,,12.55%,1,"INV_1 (INV, chr:52651-4187831, overlap); INV_2 (INV, chr:52748-2429585, overlap); INV_3 (INV, chr:417424-417464, contains); RPL_2 (RPL, chr:529358-549978, overlap); DEL_1 (DEL, chr:529460-549872, overlap)"
RPL_2,chr,529358,549978,20620,529358.0,549978.0,20620.0,<CPL>,1,,,,,,,,,,,,,,,,,,,,,,,,,,,,,,,,1,"RPL_1 (RPL, chr:410-529463, overlap); INV_1 (INV, chr:52651-4187831, nested_in); INV_2 (INV, chr:52748-2429585, nested_in); DEL_1 (DEL, chr:529460-549872, contains); RPL_3 (RPL, chr:549873-1136460, overlap)"
RPL_3,chr,549873,1136460,586587,549873.0,1136460.0,586587.0,<SYNAL>,1,,,,,,,,,,,,,,,,,,,,,,,,,,,,,,,,1,"INV_1 (INV, chr:52651-4187831, nested_in); INV_2 (INV, chr:52748-2429585, nested_in); RPL_2 (RPL, chr:529358-549978, overlap); RPL_4 (RPL, chr:1116473-1221403, overlap)"
RPL_4,chr,1116473,1221403,104930,1116473.0,1221403.0,104930.0,<SYNAL>,1,,,,,,,,,,,,,,,,,,,,,,,,,,,,,,,,1,"INV_1 (INV, chr:52651-4187831, nested_in); INV_2 (INV, chr:52748-2429585, nested_in); RPL_3 (RPL, chr:549873-1136460, overlap)"
RPL_5,chr,1764915,1764920,5,1764915.0,1764920.0,5.0,<CPG>,1,,,,,,,,,,,,,,,,,,,,,,,,,,,,,,,"0.00%, 0.00%, 0.14%, 34.47%",1,"INV_1 (INV, chr:52651-4187831, nested_in); INV_2 (INV, chr:52748-2429585, nested_in)"
RPL_6,chr,2428481,2436937,8456,2428481.0,2436937.0,8456.0,C,1,,,,,,,,,,,,,,,,,,,,,,,,,,,,,,,,1,"INV_1 (INV, chr:52651-4187831, nested_in); INV_2 (INV, chr:52748-2429585, overlap); DEL_2 (DEL, chr:2428481-2436937, exact_coordinates); DEL_3 (DEL, chr:2429586-4187831, overlap); DUP_1 (DUP, chr:2430212-2430416, contains)"
RPL_7,chr,2436938,3155328,718390,2436938.0,3155328.0,718390.0,<SYNAL>,1,,,,,,,,,,,,,,,,,,,,,,,,,,,,,,,,1,"INV_1 (INV, chr:52651-4187831, nested_in); DEL_3 (DEL, chr:2429586-4187831, nested_in); RPL_8 (RPL, chr:3135337-3236246, overlap)"
RPL_8,chr,3135337,3236246,100909,3135337.0,3236246.0,100909.0,<SYNAL>,1,,,,,,,,,,,,,,,,,,,,,,,,,,,,,,,,1,"INV_1 (INV, chr:52651-4187831, nested_in); DEL_3 (DEL, chr:2429586-4187831, nested_in); RPL_7 (RPL, chr:2436938-3155328, overlap); DEL_4 (DEL, chr:3236235-3236431, overlap); RPL_9 (RPL, chr:3236235-3236443, overlap)"
RPL_9,chr,3236235,3236443,208,3236235.0,3236443.0,208.0,<CPL>,1,,,,,,,,,,,,,,,,,,,,,,,,,,,,,,,,1,"INV_1 (INV, chr:52651-4187831, nested_in); DEL_3 (DEL, chr:2429586-4187831, nested_in); RPL_8 (RPL, chr:3135337-3236246, overlap); DEL_4 (DEL, chr:3236235-3236431, contains); RPL_10 (RPL, chr:3236432-3812644, overlap)"
RPL_10,chr,3236432,3812644,576212,3236432.0,3812644.0,576212.0,<SYNAL>,1,,,,,,,,,,,,,,,,,,,,,,,,,,,,,,,,1,"INV_1 (INV, chr:52651-4187831, nested_in); DEL_3 (DEL, chr:2429586-4187831, nested_in); RPL_9 (RPL, chr:3236235-3236443, overlap); DEL_5 (DEL, chr:3812628-3812730, overlap); RPL_11 (RPL, chr:3812628-3812747, overlap)"
RPL_11,chr,3812628,3812747,119,3812628.0,3812747.0,119.0,<CPL>,1,,,,,,,,,,,,,,,,,,,,,,,,,,,,,,,,1,"INV_1 (INV, chr:52651-4187831, nested_in); DEL_3 (DEL, chr:2429586-4187831, nested_in); RPL_10 (RPL, chr:3236432-3812644, overlap); DEL_5 (DEL, chr:3812628-3812730, contains); RPL_12 (RPL, chr:3812731-4215606, overlap)"
RPL_12,chr,3812731,4215606,402875,3812731.0,4215606.0,402875.0,<SYNAL>,1,,,,,,,,,,,,,,,,,,,,,,,,,,,,,,,,1,"INV_1 (INV, chr:52651-4187831, overlap); DEL_3 (DEL, chr:2429586-4187831, overlap); RPL_11 (RPL, chr:3812628-3812747, overlap); DEL_6 (DEL, chr:3896938-3896980, contains); INV_4 (INV, chr:4161886-4162566, contains)"
